,catalina_GT - Catalina Diaz.jpeg,Maryam_GT - Maryam Berijanian(1).png,Mushrooms_GT - Dirk Colbry.png,Mushrooms_GT - Katie Reagan.jpeg,Mushrooms_GT.png,Mushrooms_Nathan_Haut_GT - Nathaniel haut.jpeg,Mushrooms_navya_GT - navya bhardwaj.jpeg
catalina_GT - Catalina Diaz.jpeg,0.0,0.7699818150079307,1.0000064870498586,0.9967990744760697,0.8972433722687638,0.6392018464219935,0.05306763675712409
Maryam_GT - Maryam Berijanian(1).png,0.7734229346319001,0.0,1.000006738824581,0.9998538442368176,0.9910201840028753,0.9578526107889842,0.7492436039967086
Mushrooms_GT - Dirk Colbry.png,1.0000578346933555,1.0000100925967845,0.0,0.9586145988308911,0.9990844191047286,0.9998980617043157,1.0000643360683543
Mushrooms_GT - Katie Reagan.jpeg,0.9970694854341103,0.9998201703509694,0.9576851600622996,0.0,0.9070913413815422,0.9781129493568991,0.9975703697691246
Mushrooms_GT.png,0.9000277637448435,0.9911310772896337,0.9990588055993058,0.9081487216232536,0.0,0.5384517775240215,0.9109652141260728
Mushrooms_Nathan_Haut_GT - Nathaniel haut.jpeg,0.6426582962196068,0.9575972174293889,0.9998527745553428,0.9782911183534935,0.5365438029957699,0.0,0.6798141250598582
Mushrooms_navya_GT - navya bhardwaj.jpeg,0.05686076725757283,0.7485439821355783,1.0000472339009927,0.9975909745571173,0.9100027736719775,0.6797248076655326,0.0
